title,genre,director,duration,budget,rating,actor
Movie 1,Action,James Cameron,131,105544289,6.2,Tom Hanks
Movie 2,Action,Steven Spielberg,172,104231399,6.9,Angelina Jolie
Movie 3,Thriller,Martin Scorsese,94,9411883,7.0,Brad Pitt
Movie 4,Drama,Steven Spielberg,151,12082322,5.9,Tom Hanks
Movie 5,Action,Martin Scorsese,140,17203305,6.5,Morgan Freeman
Movie 6,Romance,Christopher Nolan,100,146066408,8.6,Brad Pitt
Movie 7,Romance,James Cameron,162,108145828,8.2,Robert Downey Jr.
Movie 8,Action,Quentin Tarantino,166,106859763,6.9,Jennifer Lawrence
Movie 9,Sci-Fi,Martin Scorsese,154,90838873,6.5,Leonardo DiCaprio
Movie 10,Sci-Fi,Steven Spielberg,154,194510719,6.6,Brad Pitt
Movie 11,Horror,James Cameron,167,36555041,7.1,Morgan Freeman
Movie 12,Sci-Fi,James Cameron,179,188246519,5.5,Leonardo DiCaprio
Movie 13,Thriller,James Cameron,103,77658629,6.2,Natalie Portman
Movie 14,Romance,Martin Scorsese,82,186863908,4.8,Tom Hanks
Movie 15,Romance,James Cameron,101,33359860,6.9,Morgan Freeman
Movie 16,Drama,James Cameron,132,169716949,7.1,Jennifer Lawrence
Movie 17,Horror,Christopher Nolan,81,163490644,6.0,Robert Downey Jr.
Movie 18,Romance,Quentin Tarantino,167,120654085,8.1,Tom Hanks
Movie 19,Action,Steven Spielberg,109,154250307,5.3,Angelina Jolie
Movie 20,Comedy,Christopher Nolan,117,165572509,5.0,Angelina Jolie
Movie 21,Thriller,Martin Scorsese,81,110039037,6.7,Angelina Jolie
Movie 22,Thriller,Quentin Tarantino,143,151732605,7.5,Tom Hanks
Movie 23,Romance,Quentin Tarantino,139,94481782,8.2,Robert Downey Jr.
Movie 24,Drama,Steven Spielberg,100,129050312,6.0,Leonardo DiCaprio
Movie 25,Horror,James Cameron,112,77165878,7.6,Scarlett Johansson
Movie 26,Sci-Fi,Christopher Nolan,155,106275634,6.5,Scarlett Johansson
Movie 27,Horror,Christopher Nolan,137,79350878,6.3,Angelina Jolie
Movie 28,Thriller,Christopher Nolan,101,153028199,7.4,Jennifer Lawrence
Movie 29,Horror,Quentin Tarantino,168,41636644,7.2,Robert Downey Jr.
Movie 30,Action,James Cameron,128,193752163,4.9,Robert Downey Jr.
Movie 31,Thriller,Quentin Tarantino,170,93815365,8.0,Robert Downey Jr.
Movie 32,Horror,James Cameron,138,99164033,7.9,Robert Downey Jr.
Movie 33,Romance,James Cameron,121,58975251,5.9,Jennifer Lawrence
Movie 34,Romance,Martin Scorsese,171,138311963,6.9,Johnny Depp
Movie 35,Sci-Fi,Martin Scorsese,139,183087754,7.0,Jennifer Lawrence
Movie 36,Thriller,Christopher Nolan,159,23763342,6.8,Johnny Depp
Movie 37,Horror,Quentin Tarantino,94,20636869,5.9,Jennifer Lawrence
Movie 38,Thriller,Martin Scorsese,141,162349749,5.8,Jennifer Lawrence
Movie 39,Sci-Fi,Martin Scorsese,141,34942384,6.5,Jennifer Lawrence
Movie 40,Comedy,Martin Scorsese,126,198085687,7.7,Natalie Portman
Movie 41,Horror,Quentin Tarantino,141,153025061,7.0,Scarlett Johansson
Movie 42,Comedy,Christopher Nolan,130,188446194,6.1,Leonardo DiCaprio
Movie 43,Comedy,Quentin Tarantino,134,36912253,7.3,Natalie Portman
Movie 44,Horror,Quentin Tarantino,143,133960449,3.7,Scarlett Johansson
Movie 45,Action,Martin Scorsese,82,151481610,7.6,Angelina Jolie
Movie 46,Horror,Martin Scorsese,130,40138695,4.8,Brad Pitt
Movie 47,Horror,Christopher Nolan,86,169016921,6.1,Tom Hanks
Movie 48,Thriller,Quentin Tarantino,100,129759218,5.4,Morgan Freeman
Movie 49,Horror,Martin Scorsese,152,113023724,5.2,Morgan Freeman
Movie 50,Sci-Fi,Christopher Nolan,118,84721515,7.7,Robert Downey Jr.
Movie 51,Comedy,Christopher Nolan,97,76495044,6.0,Angelina Jolie
Movie 52,Drama,Christopher Nolan,83,131971033,6.8,Angelina Jolie
Movie 53,Romance,Christopher Nolan,168,49014453,6.5,Angelina Jolie
Movie 54,Thriller,James Cameron,139,101727619,7.0,Robert Downey Jr.
Movie 55,Sci-Fi,Quentin Tarantino,93,52569363,6.6,Morgan Freeman
Movie 56,Drama,Martin Scorsese,88,33686304,5.2,Brad Pitt
Movie 57,Thriller,Quentin Tarantino,169,129161931,7.5,Angelina Jolie
Movie 58,Horror,Martin Scorsese,132,85740096,6.0,Jennifer Lawrence
Movie 59,Thriller,Christopher Nolan,81,77362381,4.9,Brad Pitt
Movie 60,Action,Martin Scorsese,163,166916991,6.1,Johnny Depp
Movie 61,Horror,Steven Spielberg,171,107472997,8.0,Johnny Depp
Movie 62,Thriller,James Cameron,139,81480036,7.4,Morgan Freeman
Movie 63,Sci-Fi,Quentin Tarantino,150,27216317,6.2,Tom Hanks
Movie 64,Action,Christopher Nolan,123,127111882,6.2,Natalie Portman
Movie 65,Horror,Quentin Tarantino,87,188432803,6.2,Tom Hanks
Movie 66,Romance,James Cameron,126,35970444,8.6,Jennifer Lawrence
Movie 67,Thriller,Quentin Tarantino,114,140970538,6.9,Leonardo DiCaprio
Movie 68,Romance,Steven Spielberg,157,135789378,6.9,Leonardo DiCaprio
Movie 69,Comedy,Christopher Nolan,160,104527089,7.5,Robert Downey Jr.
Movie 70,Drama,Quentin Tarantino,115,73017911,6.7,Robert Downey Jr.
Movie 71,Horror,Christopher Nolan,129,41435721,6.2,Morgan Freeman
Movie 72,Thriller,Martin Scorsese,83,4757974,6.3,Johnny Depp
Movie 73,Drama,Martin Scorsese,81,62119361,6.4,Angelina Jolie
Movie 74,Sci-Fi,James Cameron,85,43321932,6.5,Angelina Jolie
Movie 75,Drama,Steven Spielberg,133,109955219,7.2,Angelina Jolie
Movie 76,Thriller,James Cameron,83,20931456,6.6,Scarlett Johansson
Movie 77,Thriller,Martin Scorsese,133,60376958,7.2,Scarlett Johansson
Movie 78,Thriller,Quentin Tarantino,172,12643208,6.4,Johnny Depp
Movie 79,Thriller,Quentin Tarantino,142,44928336,6.6,Angelina Jolie
Movie 80,Thriller,Steven Spielberg,97,143329802,4.5,Natalie Portman
Movie 81,Comedy,Quentin Tarantino,169,154185166,7.4,Morgan Freeman
Movie 82,Action,Martin Scorsese,123,147356119,6.8,Leonardo DiCaprio
Movie 83,Thriller,James Cameron,113,188268645,7.5,Tom Hanks
Movie 84,Horror,Steven Spielberg,153,159230518,3.6,Robert Downey Jr.
Movie 85,Thriller,Steven Spielberg,141,191221730,8.6,Angelina Jolie
Movie 86,Comedy,James Cameron,179,157200541,6.4,Tom Hanks
Movie 87,Comedy,Quentin Tarantino,93,190834334,7.6,Jennifer Lawrence
Movie 88,Horror,Quentin Tarantino,174,165185668,5.5,Angelina Jolie
Movie 89,Drama,James Cameron,127,78822269,7.1,Natalie Portman
Movie 90,Drama,Steven Spielberg,94,119227179,5.4,Scarlett Johansson
Movie 91,Action,James Cameron,151,144959985,5.9,Leonardo DiCaprio
Movie 92,Action,Quentin Tarantino,157,187261879,8.4,Morgan Freeman
Movie 93,Action,James Cameron,166,4609736,6.3,Leonardo DiCaprio
Movie 94,Action,Christopher Nolan,141,76169697,6.7,Morgan Freeman
Movie 95,Action,Christopher Nolan,119,19161634,7.4,Johnny Depp
Movie 96,Sci-Fi,James Cameron,164,18163810,7.0,Tom Hanks
Movie 97,Comedy,Martin Scorsese,159,147443583,6.7,Tom Hanks
Movie 98,Thriller,Martin Scorsese,161,52424149,6.9,Tom Hanks
Movie 99,Comedy,Christopher Nolan,132,126966143,8.9,Leonardo DiCaprio
Movie 100,Romance,James Cameron,103,136353692,6.4,Jennifer Lawrence
Movie 101,Horror,Christopher Nolan,105,64446855,6.7,Natalie Portman
Movie 102,Action,Christopher Nolan,168,67318090,7.6,Angelina Jolie
Movie 103,Comedy,Martin Scorsese,139,195421608,7.6,Leonardo DiCaprio
Movie 104,Action,Steven Spielberg,120,3155748,7.7,Morgan Freeman
Movie 105,Horror,James Cameron,108,61676365,7.1,Morgan Freeman
Movie 106,Horror,Christopher Nolan,94,167026013,5.4,Jennifer Lawrence
Movie 107,Sci-Fi,Christopher Nolan,124,55256930,8.1,Robert Downey Jr.
Movie 108,Sci-Fi,Christopher Nolan,144,169645332,5.4,Brad Pitt
Movie 109,Horror,Steven Spielberg,168,9910852,6.8,Brad Pitt
Movie 110,Thriller,Steven Spielberg,150,173645754,5.7,Robert Downey Jr.
Movie 111,Comedy,Christopher Nolan,88,38617741,6.4,Natalie Portman
Movie 112,Romance,Christopher Nolan,167,100065241,6.8,Tom Hanks
Movie 113,Romance,Martin Scorsese,80,142158973,6.8,Scarlett Johansson
Movie 114,Drama,Martin Scorsese,87,199987907,6.9,Jennifer Lawrence
Movie 115,Sci-Fi,James Cameron,167,16876696,8.1,Robert Downey Jr.
Movie 116,Romance,Quentin Tarantino,142,10451244,7.0,Robert Downey Jr.
Movie 117,Romance,Martin Scorsese,90,111838825,6.3,Jennifer Lawrence
Movie 118,Comedy,Martin Scorsese,160,75926168,7.5,Robert Downey Jr.
Movie 119,Drama,Quentin Tarantino,87,18606951,7.7,Brad Pitt
Movie 120,Drama,Quentin Tarantino,114,63056263,5.3,Tom Hanks
Movie 121,Horror,Martin Scorsese,114,8021862,7.1,Scarlett Johansson
Movie 122,Romance,James Cameron,112,113882279,7.2,Jennifer Lawrence
Movie 123,Drama,Quentin Tarantino,84,9351245,6.2,Brad Pitt
Movie 124,Drama,James Cameron,120,106945887,7.9,Robert Downey Jr.
Movie 125,Sci-Fi,Steven Spielberg,107,109146354,6.3,Jennifer Lawrence
Movie 126,Comedy,Christopher Nolan,86,171858336,6.6,Natalie Portman
Movie 127,Thriller,Steven Spielberg,152,6345854,6.3,Johnny Depp
Movie 128,Drama,James Cameron,151,12683982,6.5,Johnny Depp
Movie 129,Horror,Martin Scorsese,91,65365536,5.4,Scarlett Johansson
Movie 130,Sci-Fi,Martin Scorsese,113,193039576,5.1,Tom Hanks
Movie 131,Romance,Martin Scorsese,112,185092816,8.1,Jennifer Lawrence
Movie 132,Action,Martin Scorsese,127,106546976,5.7,Brad Pitt
Movie 133,Romance,James Cameron,102,71790126,5.5,Johnny Depp
Movie 134,Sci-Fi,Christopher Nolan,141,39187510,4.3,Brad Pitt
Movie 135,Comedy,Quentin Tarantino,167,137826817,5.9,Morgan Freeman
Movie 136,Drama,Christopher Nolan,116,188058125,5.2,Natalie Portman
Movie 137,Horror,Quentin Tarantino,178,18691444,8.1,Tom Hanks
Movie 138,Horror,James Cameron,123,136171687,7.5,Scarlett Johansson
Movie 139,Sci-Fi,Christopher Nolan,165,179350183,5.8,Angelina Jolie
Movie 140,Drama,Steven Spielberg,170,185036390,8.8,Scarlett Johansson
Movie 141,Romance,Martin Scorsese,114,11016389,7.5,Brad Pitt
Movie 142,Sci-Fi,Martin Scorsese,144,88255618,6.2,Angelina Jolie
Movie 143,Thriller,Christopher Nolan,178,12630982,4.0,Johnny Depp
Movie 144,Action,Martin Scorsese,126,185894642,8.8,Johnny Depp
Movie 145,Horror,Quentin Tarantino,157,97231367,5.1,Brad Pitt
Movie 146,Comedy,Steven Spielberg,82,27704425,4.9,Robert Downey Jr.
Movie 147,Horror,James Cameron,80,62298111,7.5,Jennifer Lawrence
Movie 148,Horror,Quentin Tarantino,84,180232243,8.9,Jennifer Lawrence
Movie 149,Comedy,James Cameron,169,190086734,7.9,Johnny Depp
Movie 150,Horror,Quentin Tarantino,93,16586926,7.1,Jennifer Lawrence
Movie 151,Sci-Fi,Martin Scorsese,106,144714291,7.1,Scarlett Johansson
Movie 152,Horror,Christopher Nolan,88,82143014,7.4,Natalie Portman
Movie 153,Thriller,Martin Scorsese,158,46745050,7.3,Johnny Depp
Movie 154,Romance,Quentin Tarantino,94,166773731,6.8,Robert Downey Jr.
Movie 155,Romance,James Cameron,169,115567717,6.6,Tom Hanks
Movie 156,Sci-Fi,Christopher Nolan,121,11321336,6.4,Leonardo DiCaprio
Movie 157,Romance,Christopher Nolan,156,84667964,5.7,Robert Downey Jr.
Movie 158,Comedy,Steven Spielberg,130,123715546,6.2,Johnny Depp
Movie 159,Thriller,James Cameron,142,78859104,4.8,Tom Hanks
Movie 160,Thriller,Quentin Tarantino,175,145020733,6.4,Brad Pitt
Movie 161,Sci-Fi,Martin Scorsese,131,74205955,5.5,Natalie Portman
Movie 162,Comedy,Quentin Tarantino,175,32738453,5.4,Natalie Portman
Movie 163,Thriller,Quentin Tarantino,83,115091841,6.7,Angelina Jolie
Movie 164,Comedy,Martin Scorsese,173,54509641,7.9,Natalie Portman
Movie 165,Drama,Christopher Nolan,102,8583354,7.4,Jennifer Lawrence
Movie 166,Comedy,Quentin Tarantino,94,20908425,4.9,Angelina Jolie
Movie 167,Sci-Fi,Christopher Nolan,122,128052640,5.5,Angelina Jolie
Movie 168,Sci-Fi,Steven Spielberg,108,174585525,7.4,Brad Pitt
Movie 169,Sci-Fi,James Cameron,115,38612325,5.5,Johnny Depp
Movie 170,Horror,Quentin Tarantino,92,157686220,6.3,Jennifer Lawrence
Movie 171,Romance,James Cameron,111,17413486,7.1,Robert Downey Jr.
Movie 172,Horror,Martin Scorsese,150,146823971,5.5,Leonardo DiCaprio
Movie 173,Comedy,Christopher Nolan,138,84752812,6.6,Morgan Freeman
Movie 174,Comedy,Martin Scorsese,165,11688727,5.2,Robert Downey Jr.
Movie 175,Comedy,Christopher Nolan,107,179060211,5.9,Brad Pitt
Movie 176,Comedy,James Cameron,145,96723191,6.8,Brad Pitt
Movie 177,Comedy,Steven Spielberg,121,10828366,4.9,Leonardo DiCaprio
Movie 178,Sci-Fi,Quentin Tarantino,124,172200135,6.9,Leonardo DiCaprio
Movie 179,Sci-Fi,Christopher Nolan,141,108019524,6.5,Tom Hanks
Movie 180,Action,James Cameron,136,180320878,7.1,Morgan Freeman
Movie 181,Drama,James Cameron,85,146836355,6.7,Scarlett Johansson
Movie 182,Drama,Quentin Tarantino,107,150261131,7.9,Brad Pitt
Movie 183,Romance,Steven Spielberg,107,94982380,6.6,Brad Pitt
Movie 184,Romance,Quentin Tarantino,123,140743361,6.1,Brad Pitt
Movie 185,Romance,Quentin Tarantino,163,53411802,6.6,Angelina Jolie
Movie 186,Comedy,Christopher Nolan,109,70353566,7.0,Scarlett Johansson
Movie 187,Comedy,Quentin Tarantino,141,155372722,6.5,Morgan Freeman
Movie 188,Thriller,Christopher Nolan,154,28695858,6.5,Johnny Depp
Movie 189,Thriller,Martin Scorsese,171,13920739,5.8,Tom Hanks
Movie 190,Sci-Fi,James Cameron,168,184500067,5.8,Leonardo DiCaprio
Movie 191,Thriller,Christopher Nolan,141,124175705,5.1,Angelina Jolie
Movie 192,Thriller,Martin Scorsese,176,8726890,8.2,Morgan Freeman
Movie 193,Comedy,Martin Scorsese,80,157892442,5.3,Natalie Portman
Movie 194,Drama,Quentin Tarantino,106,143575684,5.8,Natalie Portman
Movie 195,Drama,Steven Spielberg,141,62413011,5.8,Morgan Freeman
Movie 196,Romance,Martin Scorsese,156,93663037,7.4,Tom Hanks
Movie 197,Thriller,Christopher Nolan,82,144669065,6.2,Tom Hanks
Movie 198,Thriller,Quentin Tarantino,149,129953191,7.7,Leonardo DiCaprio
Movie 199,Romance,Martin Scorsese,151,90729573,5.8,Morgan Freeman
Movie 200,Thriller,James Cameron,106,172158661,6.8,Angelina Jolie
Movie 201,Thriller,James Cameron,88,112030983,5.7,Natalie Portman
Movie 202,Thriller,Steven Spielberg,141,106251630,8.6,Leonardo DiCaprio
Movie 203,Horror,Quentin Tarantino,116,163906457,5.3,Jennifer Lawrence
Movie 204,Drama,Steven Spielberg,176,43019117,6.8,Brad Pitt
Movie 205,Horror,Christopher Nolan,130,122768331,7.1,Scarlett Johansson
Movie 206,Horror,James Cameron,123,159279897,6.9,Brad Pitt
Movie 207,Horror,Steven Spielberg,103,102918860,6.3,Leonardo DiCaprio
Movie 208,Comedy,Steven Spielberg,158,61628583,6.4,Natalie Portman
Movie 209,Thriller,James Cameron,138,26291709,6.5,Tom Hanks
Movie 210,Horror,James Cameron,111,165474065,6.4,Angelina Jolie
Movie 211,Romance,Quentin Tarantino,175,26836512,7.5,Jennifer Lawrence
Movie 212,Action,James Cameron,167,78782638,8.7,Tom Hanks
Movie 213,Horror,Steven Spielberg,131,166766759,5.9,Johnny Depp
Movie 214,Action,Steven Spielberg,141,131837162,5.1,Scarlett Johansson
Movie 215,Sci-Fi,James Cameron,137,171564587,6.4,Angelina Jolie
Movie 216,Drama,Martin Scorsese,131,12309411,9.1,Scarlett Johansson
Movie 217,Action,Martin Scorsese,91,188907055,5.7,Leonardo DiCaprio
Movie 218,Action,Christopher Nolan,118,40302467,8.1,Angelina Jolie
Movie 219,Sci-Fi,James Cameron,81,173162180,8.2,Jennifer Lawrence
Movie 220,Horror,Christopher Nolan,82,99881316,5.9,Robert Downey Jr.
Movie 221,Sci-Fi,Quentin Tarantino,135,85776775,7.1,Natalie Portman
Movie 222,Comedy,Martin Scorsese,160,114246334,8.1,Johnny Depp
Movie 223,Romance,Christopher Nolan,138,119279273,6.1,Tom Hanks
Movie 224,Drama,Quentin Tarantino,81,92253744,6.3,Brad Pitt
Movie 225,Sci-Fi,James Cameron,81,60220571,5.9,Tom Hanks
Movie 226,Comedy,James Cameron,171,190902201,5.5,Leonardo DiCaprio
Movie 227,Romance,Martin Scorsese,133,28580296,5.9,Leonardo DiCaprio
Movie 228,Drama,Steven Spielberg,166,64655986,5.3,Leonardo DiCaprio
Movie 229,Romance,Christopher Nolan,175,180301837,6.5,Scarlett Johansson
Movie 230,Drama,Christopher Nolan,176,120999784,5.7,Tom Hanks
Movie 231,Drama,Steven Spielberg,80,154271050,6.7,Tom Hanks
Movie 232,Horror,Martin Scorsese,98,58292182,4.9,Leonardo DiCaprio
Movie 233,Action,Christopher Nolan,81,175034265,6.8,Natalie Portman
Movie 234,Drama,James Cameron,132,114378925,7.3,Tom Hanks
Movie 235,Romance,James Cameron,123,108334614,4.5,Morgan Freeman
Movie 236,Action,Steven Spielberg,169,197889400,6.9,Leonardo DiCaprio
Movie 237,Sci-Fi,Martin Scorsese,111,85380672,7.7,Robert Downey Jr.
Movie 238,Thriller,Martin Scorsese,149,81908854,5.3,Morgan Freeman
Movie 239,Sci-Fi,Quentin Tarantino,111,172350386,8.2,Leonardo DiCaprio
Movie 240,Thriller,Martin Scorsese,147,124589543,6.9,Johnny Depp
Movie 241,Drama,Quentin Tarantino,134,195967438,5.8,Tom Hanks
Movie 242,Drama,Quentin Tarantino,154,104090836,6.4,Leonardo DiCaprio
Movie 243,Romance,James Cameron,135,19492846,7.1,Leonardo DiCaprio
Movie 244,Sci-Fi,James Cameron,96,98483912,6.6,Natalie Portman
Movie 245,Action,Martin Scorsese,117,78652169,7.0,Natalie Portman
Movie 246,Thriller,James Cameron,103,163306360,5.6,Tom Hanks
Movie 247,Thriller,Martin Scorsese,148,20894388,6.7,Scarlett Johansson
Movie 248,Romance,Quentin Tarantino,177,178045145,5.1,Natalie Portman
Movie 249,Sci-Fi,James Cameron,149,91190760,6.4,Robert Downey Jr.
Movie 250,Romance,Christopher Nolan,165,100508798,5.6,Tom Hanks
Movie 251,Horror,Quentin Tarantino,90,170670899,5.8,Morgan Freeman
Movie 252,Thriller,Christopher Nolan,95,161612888,7.7,Angelina Jolie
Movie 253,Thriller,Steven Spielberg,176,193653386,7.6,Brad Pitt
Movie 254,Comedy,Christopher Nolan,152,146367425,7.1,Natalie Portman
Movie 255,Comedy,Christopher Nolan,138,122118598,5.4,Angelina Jolie
Movie 256,Horror,Steven Spielberg,149,148975377,6.2,Brad Pitt
Movie 257,Sci-Fi,Christopher Nolan,159,187130906,7.7,Tom Hanks
Movie 258,Drama,Martin Scorsese,172,187636634,6.6,Morgan Freeman
Movie 259,Sci-Fi,Steven Spielberg,82,64213072,8.8,Johnny Depp
Movie 260,Action,Martin Scorsese,99,106519743,6.9,Robert Downey Jr.
Movie 261,Action,Christopher Nolan,138,160364010,6.7,Angelina Jolie
Movie 262,Horror,Martin Scorsese,115,142075386,6.2,Angelina Jolie
Movie 263,Romance,Quentin Tarantino,98,65164715,6.6,Jennifer Lawrence
Movie 264,Action,Martin Scorsese,169,163132730,6.3,Robert Downey Jr.
Movie 265,Thriller,Steven Spielberg,146,69105394,7.2,Leonardo DiCaprio
Movie 266,Sci-Fi,Quentin Tarantino,98,65991256,7.5,Scarlett Johansson
Movie 267,Romance,Quentin Tarantino,99,175003379,5.7,Brad Pitt
Movie 268,Drama,James Cameron,175,189658373,5.2,Natalie Portman
Movie 269,Sci-Fi,Quentin Tarantino,150,146509876,4.7,Morgan Freeman
Movie 270,Romance,Quentin Tarantino,131,172136855,7.0,Natalie Portman
Movie 271,Comedy,Christopher Nolan,112,131978076,5.4,Robert Downey Jr.
Movie 272,Romance,Steven Spielberg,119,78688894,4.3,Brad Pitt
Movie 273,Romance,Martin Scorsese,118,119485994,6.9,Morgan Freeman
Movie 274,Drama,Christopher Nolan,161,32199893,9.0,Scarlett Johansson
Movie 275,Sci-Fi,Martin Scorsese,80,141003993,6.5,Johnny Depp
Movie 276,Sci-Fi,Martin Scorsese,90,57240283,7.3,Johnny Depp
Movie 277,Horror,Christopher Nolan,171,109150641,6.6,Leonardo DiCaprio
Movie 278,Thriller,Christopher Nolan,136,166516756,6.4,Natalie Portman
Movie 279,Thriller,Quentin Tarantino,168,66170480,7.4,Robert Downey Jr.
Movie 280,Thriller,James Cameron,129,164386192,6.2,Brad Pitt
Movie 281,Comedy,Steven Spielberg,102,102233747,6.8,Johnny Depp
Movie 282,Sci-Fi,James Cameron,110,93294504,6.8,Leonardo DiCaprio
Movie 283,Comedy,Steven Spielberg,173,102630640,5.8,Leonardo DiCaprio
Movie 284,Horror,Christopher Nolan,121,171184309,7.5,Brad Pitt
Movie 285,Thriller,Steven Spielberg,178,99138587,6.3,Morgan Freeman
Movie 286,Sci-Fi,Steven Spielberg,86,151623294,5.7,Natalie Portman
Movie 287,Comedy,Steven Spielberg,95,10427504,7.0,Leonardo DiCaprio
Movie 288,Romance,Martin Scorsese,169,142240064,5.6,Scarlett Johansson
Movie 289,Sci-Fi,Quentin Tarantino,139,20655820,6.5,Natalie Portman
Movie 290,Romance,Christopher Nolan,81,96855581,6.5,Scarlett Johansson
Movie 291,Thriller,Christopher Nolan,80,97231290,7.6,Robert Downey Jr.
Movie 292,Drama,Quentin Tarantino,127,100017426,7.0,Brad Pitt
Movie 293,Sci-Fi,Christopher Nolan,91,159428477,6.5,Angelina Jolie
Movie 294,Drama,James Cameron,148,76761695,7.3,Jennifer Lawrence
Movie 295,Comedy,Martin Scorsese,116,132992221,7.9,Leonardo DiCaprio
Movie 296,Thriller,Christopher Nolan,111,14691164,7.1,Jennifer Lawrence
Movie 297,Action,Christopher Nolan,88,157979628,6.5,Angelina Jolie
Movie 298,Drama,Martin Scorsese,178,12707868,5.2,Tom Hanks
Movie 299,Horror,Steven Spielberg,98,149463901,5.4,Natalie Portman
Movie 300,Romance,James Cameron,127,104357583,6.2,Jennifer Lawrence
Movie 301,Romance,Quentin Tarantino,159,11055079,5.9,Morgan Freeman
Movie 302,Sci-Fi,Quentin Tarantino,82,108174930,6.3,Johnny Depp
Movie 303,Romance,Quentin Tarantino,99,14781009,6.6,Morgan Freeman
Movie 304,Comedy,Martin Scorsese,103,190170432,7.0,Brad Pitt
Movie 305,Sci-Fi,James Cameron,133,110640269,6.4,Tom Hanks
Movie 306,Drama,Quentin Tarantino,112,115070898,7.0,Brad Pitt
Movie 307,Thriller,Christopher Nolan,103,68812526,6.6,Scarlett Johansson
Movie 308,Action,Steven Spielberg,154,119746097,4.5,Jennifer Lawrence
Movie 309,Sci-Fi,James Cameron,151,105755393,5.6,Leonardo DiCaprio
Movie 310,Sci-Fi,Martin Scorsese,115,148986933,6.4,Angelina Jolie
Movie 311,Thriller,Christopher Nolan,117,15013403,5.3,Leonardo DiCaprio
Movie 312,Comedy,Martin Scorsese,163,188208816,7.1,Natalie Portman
Movie 313,Thriller,James Cameron,178,111651505,8.0,Tom Hanks
Movie 314,Drama,Martin Scorsese,168,66954738,7.7,Morgan Freeman
Movie 315,Action,Quentin Tarantino,178,130880894,6.3,Angelina Jolie
Movie 316,Action,Martin Scorsese,104,174866627,8.0,Brad Pitt
Movie 317,Horror,Steven Spielberg,172,94900039,6.6,Robert Downey Jr.
Movie 318,Sci-Fi,Christopher Nolan,97,56849014,6.2,Tom Hanks
Movie 319,Drama,Christopher Nolan,161,38003110,5.9,Brad Pitt
Movie 320,Sci-Fi,Quentin Tarantino,145,14942402,6.2,Brad Pitt
Movie 321,Sci-Fi,Steven Spielberg,133,96785737,6.1,Natalie Portman
Movie 322,Action,Martin Scorsese,114,90097673,6.7,Angelina Jolie
Movie 323,Romance,Martin Scorsese,159,97337874,6.7,Leonardo DiCaprio
Movie 324,Drama,Steven Spielberg,140,82602413,6.5,Tom Hanks
Movie 325,Comedy,James Cameron,120,115153633,6.9,Scarlett Johansson
Movie 326,Action,Christopher Nolan,179,145887163,7.7,Morgan Freeman
Movie 327,Thriller,Steven Spielberg,112,110033558,7.4,Robert Downey Jr.
Movie 328,Thriller,Christopher Nolan,147,178946678,5.0,Angelina Jolie
Movie 329,Drama,Steven Spielberg,112,134799387,3.9,Scarlett Johansson
Movie 330,Sci-Fi,Steven Spielberg,93,118204767,7.4,Angelina Jolie
Movie 331,Action,Martin Scorsese,100,123287281,5.1,Johnny Depp
Movie 332,Sci-Fi,Martin Scorsese,127,146702236,6.3,Leonardo DiCaprio
Movie 333,Thriller,Quentin Tarantino,99,142667335,5.3,Scarlett Johansson
Movie 334,Sci-Fi,Steven Spielberg,87,117376384,4.7,Scarlett Johansson
Movie 335,Horror,Christopher Nolan,86,149056822,7.0,Robert Downey Jr.
Movie 336,Sci-Fi,Quentin Tarantino,146,17701250,7.3,Tom Hanks
Movie 337,Comedy,Martin Scorsese,96,188152343,5.9,Leonardo DiCaprio
Movie 338,Romance,Steven Spielberg,112,37992982,3.9,Jennifer Lawrence
Movie 339,Action,James Cameron,127,24656190,6.0,Robert Downey Jr.
Movie 340,Thriller,Martin Scorsese,155,85656124,6.9,Scarlett Johansson
Movie 341,Comedy,James Cameron,138,140796807,5.0,Brad Pitt
Movie 342,Action,Steven Spielberg,165,179707509,6.7,Scarlett Johansson
Movie 343,Comedy,James Cameron,101,115981624,6.5,Johnny Depp
Movie 344,Thriller,Martin Scorsese,109,30822180,7.1,Brad Pitt
Movie 345,Comedy,Martin Scorsese,117,54517362,6.6,Natalie Portman
Movie 346,Horror,Quentin Tarantino,130,120168608,5.5,Morgan Freeman
Movie 347,Drama,Steven Spielberg,133,144078663,7.7,Johnny Depp
Movie 348,Sci-Fi,Martin Scorsese,87,159662049,6.3,Robert Downey Jr.
Movie 349,Horror,Steven Spielberg,106,150322829,6.5,Johnny Depp
Movie 350,Sci-Fi,Martin Scorsese,106,175794015,5.6,Johnny Depp
Movie 351,Thriller,Quentin Tarantino,177,186527415,6.1,Leonardo DiCaprio
Movie 352,Comedy,James Cameron,100,77106218,5.6,Angelina Jolie
Movie 353,Horror,Martin Scorsese,109,109015503,6.3,Morgan Freeman
Movie 354,Sci-Fi,Quentin Tarantino,176,96277507,8.2,Jennifer Lawrence
Movie 355,Sci-Fi,Martin Scorsese,107,30677043,5.1,Morgan Freeman
Movie 356,Thriller,Quentin Tarantino,143,186049252,4.9,Morgan Freeman
Movie 357,Romance,Steven Spielberg,176,70071029,8.0,Morgan Freeman
Movie 358,Comedy,Quentin Tarantino,148,76094484,6.3,Brad Pitt
Movie 359,Thriller,Martin Scorsese,140,135828941,5.8,Scarlett Johansson
Movie 360,Sci-Fi,Martin Scorsese,127,186318110,7.5,Scarlett Johansson
Movie 361,Thriller,Steven Spielberg,98,50349430,5.9,Robert Downey Jr.
Movie 362,Comedy,Christopher Nolan,83,92636655,8.3,Robert Downey Jr.
Movie 363,Action,Christopher Nolan,114,105904657,7.2,Natalie Portman
Movie 364,Romance,Christopher Nolan,143,56842822,6.0,Tom Hanks
Movie 365,Sci-Fi,James Cameron,128,36393865,8.7,Morgan Freeman
Movie 366,Sci-Fi,Quentin Tarantino,96,99820870,5.9,Brad Pitt
Movie 367,Drama,Martin Scorsese,123,88558294,7.2,Morgan Freeman
Movie 368,Sci-Fi,Martin Scorsese,171,154021524,6.8,Jennifer Lawrence
Movie 369,Action,Martin Scorsese,109,114954962,7.8,Johnny Depp
Movie 370,Drama,Martin Scorsese,172,7202258,8.1,Brad Pitt
Movie 371,Sci-Fi,Quentin Tarantino,125,89225315,6.5,Tom Hanks
Movie 372,Thriller,Martin Scorsese,85,77989724,5.7,Morgan Freeman
Movie 373,Action,Christopher Nolan,178,71635601,7.0,Tom Hanks
Movie 374,Horror,Martin Scorsese,116,76899393,5.8,Brad Pitt
Movie 375,Drama,Martin Scorsese,103,154003904,8.5,Leonardo DiCaprio
Movie 376,Drama,Martin Scorsese,172,22232430,6.6,Tom Hanks
Movie 377,Drama,Martin Scorsese,125,126917075,6.1,Jennifer Lawrence
Movie 378,Thriller,Steven Spielberg,132,101355594,6.7,Morgan Freeman
Movie 379,Romance,James Cameron,174,41473321,5.2,Morgan Freeman
Movie 380,Horror,Quentin Tarantino,178,55148094,5.5,Johnny Depp
Movie 381,Sci-Fi,Christopher Nolan,139,21153729,7.7,Robert Downey Jr.
Movie 382,Drama,Martin Scorsese,176,120378390,5.8,Tom Hanks
Movie 383,Comedy,Steven Spielberg,142,148008630,5.5,Jennifer Lawrence
Movie 384,Drama,Martin Scorsese,164,78582731,7.0,Jennifer Lawrence
Movie 385,Horror,Christopher Nolan,111,78973011,7.7,Scarlett Johansson
Movie 386,Sci-Fi,Quentin Tarantino,166,141411684,7.2,Jennifer Lawrence
Movie 387,Drama,Martin Scorsese,112,148796901,7.5,Scarlett Johansson
Movie 388,Drama,Martin Scorsese,146,103368511,5.7,Leonardo DiCaprio
Movie 389,Horror,James Cameron,97,191978987,5.1,Robert Downey Jr.
Movie 390,Drama,Steven Spielberg,104,138484130,8.0,Tom Hanks
Movie 391,Horror,Martin Scorsese,174,48044083,6.2,Leonardo DiCaprio
Movie 392,Thriller,Martin Scorsese,133,160116793,6.2,Natalie Portman
Movie 393,Horror,Steven Spielberg,137,59436437,7.8,Johnny Depp
Movie 394,Romance,Christopher Nolan,146,128812971,7.1,Brad Pitt
Movie 395,Thriller,Quentin Tarantino,125,65910615,7.0,Leonardo DiCaprio
Movie 396,Thriller,Steven Spielberg,103,15072989,8.7,Angelina Jolie
Movie 397,Thriller,James Cameron,111,84976173,5.9,Jennifer Lawrence
Movie 398,Horror,Christopher Nolan,126,145162518,7.4,Brad Pitt
Movie 399,Action,Quentin Tarantino,165,97504946,6.6,Morgan Freeman
Movie 400,Thriller,Christopher Nolan,102,54505232,6.8,Scarlett Johansson
Movie 401,Thriller,Quentin Tarantino,145,81218637,8.0,Leonardo DiCaprio
Movie 402,Comedy,Quentin Tarantino,106,179817575,7.0,Brad Pitt
Movie 403,Romance,Steven Spielberg,81,49730049,7.0,Tom Hanks
Movie 404,Sci-Fi,James Cameron,169,37413676,7.6,Robert Downey Jr.
Movie 405,Romance,James Cameron,96,119326552,6.1,Jennifer Lawrence
Movie 406,Comedy,Martin Scorsese,112,34877350,5.7,Angelina Jolie
Movie 407,Comedy,Steven Spielberg,88,132095752,5.5,Brad Pitt
Movie 408,Action,James Cameron,122,62658869,4.5,Leonardo DiCaprio
Movie 409,Comedy,Quentin Tarantino,127,87131989,8.6,Johnny Depp
Movie 410,Horror,Quentin Tarantino,118,97337130,5.4,Johnny Depp
Movie 411,Sci-Fi,Christopher Nolan,172,32251097,6.3,Natalie Portman
Movie 412,Action,Steven Spielberg,121,111338489,6.2,Tom Hanks
Movie 413,Drama,Christopher Nolan,105,110832220,6.8,Natalie Portman
Movie 414,Romance,Quentin Tarantino,178,16985249,7.3,Angelina Jolie
Movie 415,Drama,Christopher Nolan,129,96809238,7.4,Brad Pitt
Movie 416,Comedy,Christopher Nolan,104,79987338,5.9,Brad Pitt
Movie 417,Drama,Martin Scorsese,103,44309893,6.3,Morgan Freeman
Movie 418,Comedy,Martin Scorsese,92,169787089,6.8,Leonardo DiCaprio
Movie 419,Horror,Christopher Nolan,139,128395967,6.3,Morgan Freeman
Movie 420,Romance,Steven Spielberg,86,11971177,8.1,Morgan Freeman
Movie 421,Romance,Steven Spielberg,136,61200291,7.0,Morgan Freeman
Movie 422,Romance,James Cameron,115,104316389,7.2,Robert Downey Jr.
Movie 423,Drama,Quentin Tarantino,124,21080673,7.2,Brad Pitt
Movie 424,Sci-Fi,James Cameron,99,130914532,7.7,Tom Hanks
Movie 425,Horror,Martin Scorsese,144,114474712,6.7,Jennifer Lawrence
Movie 426,Sci-Fi,Christopher Nolan,87,75052985,5.2,Leonardo DiCaprio
Movie 427,Horror,Steven Spielberg,95,141456523,6.9,Jennifer Lawrence
Movie 428,Comedy,Quentin Tarantino,93,82266262,5.8,Morgan Freeman
Movie 429,Sci-Fi,Steven Spielberg,155,190316724,6.0,Scarlett Johansson
Movie 430,Thriller,Christopher Nolan,166,48226729,7.1,Tom Hanks
Movie 431,Thriller,Steven Spielberg,94,65504149,7.7,Brad Pitt
Movie 432,Thriller,James Cameron,171,52048404,6.5,Scarlett Johansson
Movie 433,Drama,Quentin Tarantino,177,59771482,6.8,Brad Pitt
Movie 434,Action,Quentin Tarantino,145,108454264,8.2,Leonardo DiCaprio
Movie 435,Action,Steven Spielberg,111,71860062,6.7,Scarlett Johansson
Movie 436,Horror,Martin Scorsese,166,192918810,9.1,Natalie Portman
Movie 437,Thriller,Quentin Tarantino,142,150950631,7.1,Jennifer Lawrence
Movie 438,Action,Quentin Tarantino,165,4138145,4.7,Robert Downey Jr.
Movie 439,Thriller,Steven Spielberg,130,164281163,7.3,Jennifer Lawrence
Movie 440,Action,Quentin Tarantino,104,35780908,6.9,Jennifer Lawrence
Movie 441,Thriller,Steven Spielberg,137,172956216,7.8,Johnny Depp
Movie 442,Comedy,Martin Scorsese,142,47361481,7.2,Tom Hanks
Movie 443,Romance,Steven Spielberg,141,170273004,6.4,Brad Pitt
Movie 444,Comedy,Christopher Nolan,101,110981072,5.3,Tom Hanks
Movie 445,Drama,Christopher Nolan,137,188992985,6.3,Angelina Jolie
Movie 446,Thriller,Christopher Nolan,137,127192596,5.6,Jennifer Lawrence
Movie 447,Thriller,Martin Scorsese,165,35954715,5.9,Jennifer Lawrence
Movie 448,Drama,Steven Spielberg,128,90813693,7.1,Brad Pitt
Movie 449,Drama,Christopher Nolan,131,82250937,8.2,Jennifer Lawrence
Movie 450,Romance,Christopher Nolan,121,178688705,6.9,Leonardo DiCaprio
Movie 451,Drama,Quentin Tarantino,149,178310715,5.3,Jennifer Lawrence
Movie 452,Romance,Quentin Tarantino,94,91740533,6.9,Scarlett Johansson
Movie 453,Thriller,Steven Spielberg,133,88182130,7.7,Johnny Depp
Movie 454,Sci-Fi,Quentin Tarantino,139,120558836,5.9,Tom Hanks
Movie 455,Thriller,Quentin Tarantino,176,175599459,6.4,Morgan Freeman
Movie 456,Horror,Quentin Tarantino,87,91133874,6.5,Johnny Depp
Movie 457,Action,James Cameron,132,25694812,5.7,Johnny Depp
Movie 458,Comedy,Martin Scorsese,139,62399188,7.1,Tom Hanks
Movie 459,Sci-Fi,Martin Scorsese,84,106565962,6.4,Johnny Depp
Movie 460,Thriller,James Cameron,147,167188327,6.9,Angelina Jolie
Movie 461,Drama,Steven Spielberg,85,186425407,5.6,Jennifer Lawrence
Movie 462,Action,Christopher Nolan,175,175004899,6.1,Jennifer Lawrence
Movie 463,Horror,Steven Spielberg,173,136488624,7.2,Angelina Jolie
Movie 464,Thriller,Christopher Nolan,126,147170042,6.1,Natalie Portman
Movie 465,Sci-Fi,Christopher Nolan,178,17770274,8.2,Leonardo DiCaprio
Movie 466,Romance,Martin Scorsese,134,51709813,6.1,Angelina Jolie
Movie 467,Sci-Fi,Quentin Tarantino,119,166572705,6.7,Jennifer Lawrence
Movie 468,Comedy,Christopher Nolan,131,93983350,7.4,Tom Hanks
Movie 469,Horror,Christopher Nolan,95,167091374,5.1,Natalie Portman
Movie 470,Drama,Quentin Tarantino,92,72240343,4.7,Angelina Jolie
Movie 471,Comedy,Martin Scorsese,109,43955157,5.0,Tom Hanks
Movie 472,Thriller,Christopher Nolan,98,194583172,7.8,Scarlett Johansson
Movie 473,Thriller,James Cameron,96,199663479,5.9,Robert Downey Jr.
Movie 474,Horror,Christopher Nolan,142,118855520,9.1,Scarlett Johansson
Movie 475,Horror,Quentin Tarantino,98,86518073,5.9,Morgan Freeman
Movie 476,Drama,Quentin Tarantino,171,134930531,6.7,Brad Pitt
Movie 477,Action,Martin Scorsese,137,172123438,8.0,Angelina Jolie
Movie 478,Drama,Quentin Tarantino,134,53673683,8.5,Scarlett Johansson
Movie 479,Drama,Martin Scorsese,169,159973394,8.6,Tom Hanks
Movie 480,Comedy,Quentin Tarantino,169,140921122,7.7,Tom Hanks
Movie 481,Romance,Christopher Nolan,141,125681459,7.5,Natalie Portman
Movie 482,Comedy,Christopher Nolan,102,146633104,7.1,Angelina Jolie
Movie 483,Sci-Fi,Christopher Nolan,88,77176890,7.3,Robert Downey Jr.
Movie 484,Drama,Christopher Nolan,91,148501420,5.9,Tom Hanks
Movie 485,Action,Quentin Tarantino,80,128440874,5.7,Robert Downey Jr.
Movie 486,Action,Christopher Nolan,137,94389281,6.5,Morgan Freeman
Movie 487,Sci-Fi,Martin Scorsese,80,90817241,6.3,Leonardo DiCaprio
Movie 488,Drama,Steven Spielberg,113,158785537,6.0,Leonardo DiCaprio
Movie 489,Drama,Steven Spielberg,175,190400564,7.2,Angelina Jolie
Movie 490,Sci-Fi,Christopher Nolan,127,137939592,7.5,Angelina Jolie
Movie 491,Action,Steven Spielberg,168,55278856,6.6,Johnny Depp
Movie 492,Sci-Fi,James Cameron,80,168676199,8.0,Jennifer Lawrence
Movie 493,Action,Steven Spielberg,95,175756880,5.4,Angelina Jolie
Movie 494,Comedy,James Cameron,140,163322048,6.3,Scarlett Johansson
Movie 495,Comedy,James Cameron,143,75842172,5.8,Scarlett Johansson
Movie 496,Action,James Cameron,142,4875754,4.6,Morgan Freeman
Movie 497,Sci-Fi,Steven Spielberg,148,154699943,6.4,Natalie Portman
Movie 498,Comedy,Quentin Tarantino,101,96268888,6.4,Leonardo DiCaprio
Movie 499,Romance,Martin Scorsese,172,58696034,8.0,Johnny Depp
Movie 500,Comedy,James Cameron,146,29356738,7.1,Johnny Depp
Movie 501,Sci-Fi,Steven Spielberg,155,66564145,5.5,Brad Pitt
Movie 502,Thriller,Christopher Nolan,105,11047595,8.4,Jennifer Lawrence
Movie 503,Thriller,James Cameron,95,31908587,7.7,Brad Pitt
Movie 504,Comedy,Steven Spielberg,130,130705394,7.1,Angelina Jolie
Movie 505,Comedy,Steven Spielberg,165,96112669,6.3,Robert Downey Jr.
Movie 506,Thriller,Martin Scorsese,136,23564965,5.5,Robert Downey Jr.
Movie 507,Drama,Christopher Nolan,108,120102305,6.1,Angelina Jolie
Movie 508,Comedy,Christopher Nolan,157,175348811,7.6,Natalie Portman
Movie 509,Drama,Quentin Tarantino,171,10004644,8.4,Johnny Depp
Movie 510,Romance,Christopher Nolan,148,125906539,8.0,Brad Pitt
Movie 511,Drama,James Cameron,126,182735418,6.0,Angelina Jolie
Movie 512,Sci-Fi,James Cameron,173,106650992,5.4,Tom Hanks
Movie 513,Drama,Steven Spielberg,141,51760636,6.6,Angelina Jolie
Movie 514,Action,Christopher Nolan,148,172856912,4.7,Jennifer Lawrence
Movie 515,Comedy,Steven Spielberg,155,55706505,6.8,Leonardo DiCaprio
Movie 516,Drama,James Cameron,95,14143608,6.4,Scarlett Johansson
Movie 517,Sci-Fi,Quentin Tarantino,169,37532022,6.0,Natalie Portman
Movie 518,Sci-Fi,Martin Scorsese,169,92485680,4.9,Leonardo DiCaprio
Movie 519,Action,Steven Spielberg,127,104960587,7.0,Brad Pitt
Movie 520,Action,Christopher Nolan,164,180963197,6.0,Jennifer Lawrence
Movie 521,Horror,Steven Spielberg,118,89780367,5.3,Morgan Freeman
Movie 522,Action,Martin Scorsese,179,37045138,3.6,Tom Hanks
Movie 523,Horror,Christopher Nolan,112,193091911,6.5,Leonardo DiCaprio
Movie 524,Sci-Fi,Quentin Tarantino,173,60912158,8.3,Natalie Portman
Movie 525,Action,Steven Spielberg,102,39808656,8.2,Morgan Freeman
Movie 526,Sci-Fi,Martin Scorsese,89,146098454,6.0,Scarlett Johansson
Movie 527,Thriller,Quentin Tarantino,148,158210084,5.9,Jennifer Lawrence
Movie 528,Comedy,Quentin Tarantino,179,21515189,7.0,Tom Hanks
Movie 529,Romance,Quentin Tarantino,113,53534223,5.5,Leonardo DiCaprio
Movie 530,Romance,Christopher Nolan,131,158606597,6.8,Morgan Freeman
Movie 531,Drama,Christopher Nolan,174,186013447,7.3,Jennifer Lawrence
Movie 532,Thriller,Quentin Tarantino,89,122821649,7.7,Morgan Freeman
Movie 533,Romance,Steven Spielberg,98,94050123,6.4,Angelina Jolie
Movie 534,Horror,Steven Spielberg,137,145780942,6.3,Leonardo DiCaprio
Movie 535,Drama,Quentin Tarantino,175,25374842,5.6,Leonardo DiCaprio
Movie 536,Drama,James Cameron,80,29172140,5.7,Brad Pitt
Movie 537,Action,James Cameron,148,193919065,6.3,Angelina Jolie
Movie 538,Comedy,Martin Scorsese,83,170336878,6.9,Robert Downey Jr.
Movie 539,Comedy,Christopher Nolan,95,190689119,7.4,Leonardo DiCaprio
Movie 540,Horror,James Cameron,103,78632265,5.7,Morgan Freeman
Movie 541,Action,James Cameron,159,111654479,8.0,Scarlett Johansson
Movie 542,Romance,Christopher Nolan,81,24387092,6.2,Robert Downey Jr.
Movie 543,Horror,Quentin Tarantino,171,154373781,6.5,Leonardo DiCaprio
Movie 544,Comedy,Quentin Tarantino,111,174895929,5.8,Tom Hanks
Movie 545,Romance,Christopher Nolan,170,2524102,4.1,Jennifer Lawrence
Movie 546,Comedy,Martin Scorsese,163,146796877,7.4,Natalie Portman
Movie 547,Sci-Fi,James Cameron,103,43607220,7.2,Johnny Depp
Movie 548,Action,Steven Spielberg,91,187932742,6.2,Tom Hanks
Movie 549,Comedy,Martin Scorsese,129,22900146,6.6,Johnny Depp
Movie 550,Horror,Christopher Nolan,114,145131569,7.0,Jennifer Lawrence
Movie 551,Sci-Fi,Christopher Nolan,112,30061846,4.9,Angelina Jolie
Movie 552,Thriller,Steven Spielberg,112,195741724,6.0,Robert Downey Jr.
Movie 553,Romance,Martin Scorsese,140,158686353,7.3,Johnny Depp
Movie 554,Thriller,James Cameron,130,138651110,5.2,Brad Pitt
Movie 555,Drama,James Cameron,122,76779042,6.8,Johnny Depp
Movie 556,Comedy,Martin Scorsese,91,29348817,5.1,Scarlett Johansson
Movie 557,Sci-Fi,Quentin Tarantino,146,97355770,7.0,Scarlett Johansson
Movie 558,Romance,Quentin Tarantino,144,71503913,6.5,Jennifer Lawrence
Movie 559,Romance,James Cameron,112,84952230,4.9,Robert Downey Jr.
Movie 560,Horror,James Cameron,119,159946576,7.7,Robert Downey Jr.
Movie 561,Action,Quentin Tarantino,153,109092941,5.8,Leonardo DiCaprio
Movie 562,Sci-Fi,James Cameron,122,146040542,5.7,Jennifer Lawrence
Movie 563,Horror,Christopher Nolan,123,183574050,6.7,Johnny Depp
Movie 564,Comedy,Martin Scorsese,108,188096876,7.6,Angelina Jolie
Movie 565,Horror,Quentin Tarantino,92,63076001,5.5,Scarlett Johansson
Movie 566,Drama,Martin Scorsese,91,43942594,6.6,Angelina Jolie
Movie 567,Romance,Steven Spielberg,174,38747492,6.9,Jennifer Lawrence
Movie 568,Thriller,Christopher Nolan,125,130987754,7.2,Johnny Depp
Movie 569,Comedy,Quentin Tarantino,81,118574567,6.7,Morgan Freeman
Movie 570,Horror,Steven Spielberg,114,16170521,6.1,Leonardo DiCaprio
Movie 571,Sci-Fi,Christopher Nolan,166,161059574,5.7,Angelina Jolie
Movie 572,Comedy,Christopher Nolan,160,127639062,6.6,Scarlett Johansson
Movie 573,Thriller,James Cameron,169,13267883,5.4,Jennifer Lawrence
Movie 574,Sci-Fi,Christopher Nolan,87,43639398,3.6,Johnny Depp
Movie 575,Sci-Fi,Christopher Nolan,172,12984398,6.9,Scarlett Johansson
Movie 576,Thriller,James Cameron,105,170613808,7.4,Tom Hanks
Movie 577,Drama,Martin Scorsese,153,165933123,4.1,Tom Hanks
Movie 578,Comedy,Martin Scorsese,169,175904668,5.5,Tom Hanks
Movie 579,Thriller,Christopher Nolan,113,158432789,7.1,Natalie Portman
Movie 580,Comedy,Steven Spielberg,86,27854296,8.6,Brad Pitt
Movie 581,Romance,Martin Scorsese,147,4828433,6.5,Tom Hanks
Movie 582,Sci-Fi,Martin Scorsese,137,87621344,5.8,Morgan Freeman
Movie 583,Horror,Christopher Nolan,154,48149071,6.3,Angelina Jolie
Movie 584,Action,Martin Scorsese,108,8152747,7.9,Morgan Freeman
Movie 585,Comedy,Christopher Nolan,115,196246973,5.9,Brad Pitt
Movie 586,Comedy,Quentin Tarantino,168,183562241,5.7,Tom Hanks
Movie 587,Sci-Fi,Quentin Tarantino,100,105800566,6.0,Robert Downey Jr.
Movie 588,Comedy,Martin Scorsese,115,105981218,5.5,Angelina Jolie
Movie 589,Horror,James Cameron,89,92351453,6.6,Jennifer Lawrence
Movie 590,Drama,Christopher Nolan,152,2020154,8.1,Natalie Portman
Movie 591,Thriller,Christopher Nolan,103,125284044,6.8,Tom Hanks
Movie 592,Romance,Martin Scorsese,143,39499601,6.2,Leonardo DiCaprio
Movie 593,Horror,James Cameron,178,7733215,6.2,Jennifer Lawrence
Movie 594,Sci-Fi,Martin Scorsese,128,33339834,4.9,Robert Downey Jr.
Movie 595,Drama,James Cameron,178,41739629,7.4,Jennifer Lawrence
Movie 596,Romance,Martin Scorsese,115,165118515,6.4,Natalie Portman
Movie 597,Action,Christopher Nolan,161,74823165,6.3,Scarlett Johansson
Movie 598,Drama,Martin Scorsese,175,112855600,9.7,Natalie Portman
Movie 599,Comedy,James Cameron,103,116667420,6.8,Tom Hanks
Movie 600,Horror,Martin Scorsese,102,162476925,5.7,Brad Pitt
Movie 601,Thriller,Christopher Nolan,141,183001908,6.1,Natalie Portman
Movie 602,Comedy,James Cameron,175,182596907,7.6,Brad Pitt
Movie 603,Comedy,Christopher Nolan,116,11760888,6.6,Robert Downey Jr.
Movie 604,Thriller,Martin Scorsese,91,79414095,5.1,Angelina Jolie
Movie 605,Horror,Martin Scorsese,134,94144811,7.4,Brad Pitt
Movie 606,Thriller,Quentin Tarantino,92,101018552,5.8,Johnny Depp
Movie 607,Romance,Christopher Nolan,102,79483721,8.4,Brad Pitt
Movie 608,Comedy,Christopher Nolan,168,126410205,7.6,Brad Pitt
Movie 609,Thriller,James Cameron,178,184681944,6.1,Johnny Depp
Movie 610,Comedy,Steven Spielberg,109,103522878,7.8,Brad Pitt
Movie 611,Horror,Steven Spielberg,96,97719187,6.6,Leonardo DiCaprio
Movie 612,Drama,James Cameron,141,193293440,7.4,Jennifer Lawrence
Movie 613,Action,James Cameron,163,15372528,7.0,Leonardo DiCaprio
Movie 614,Comedy,Martin Scorsese,168,129036268,5.7,Tom Hanks
Movie 615,Drama,Quentin Tarantino,165,181913293,5.9,Johnny Depp
Movie 616,Sci-Fi,Martin Scorsese,92,160940253,7.5,Leonardo DiCaprio
Movie 617,Horror,Steven Spielberg,138,174180913,6.2,Scarlett Johansson
Movie 618,Horror,Martin Scorsese,98,199891843,6.1,Jennifer Lawrence
Movie 619,Thriller,Steven Spielberg,128,121488081,5.5,Brad Pitt
Movie 620,Thriller,Christopher Nolan,179,199031293,6.9,Morgan Freeman
Movie 621,Drama,James Cameron,91,115282788,8.6,Johnny Depp
Movie 622,Sci-Fi,Martin Scorsese,140,181788888,5.4,Jennifer Lawrence
Movie 623,Thriller,James Cameron,98,118105071,6.5,Leonardo DiCaprio
Movie 624,Horror,Steven Spielberg,155,77767936,7.9,Brad Pitt
Movie 625,Thriller,Quentin Tarantino,88,152780276,6.4,Tom Hanks
Movie 626,Romance,Christopher Nolan,150,194705934,7.0,Tom Hanks
Movie 627,Sci-Fi,Christopher Nolan,107,41057648,5.4,Brad Pitt
Movie 628,Sci-Fi,Christopher Nolan,157,72425912,6.9,Jennifer Lawrence
Movie 629,Sci-Fi,Steven Spielberg,174,133086923,6.3,Natalie Portman
Movie 630,Horror,Martin Scorsese,131,82242298,7.5,Johnny Depp
Movie 631,Romance,Quentin Tarantino,162,54520377,7.7,Johnny Depp
Movie 632,Thriller,James Cameron,95,157100668,9.1,Natalie Portman
Movie 633,Action,James Cameron,148,39580196,7.1,Natalie Portman
Movie 634,Horror,Quentin Tarantino,178,116581866,6.8,Brad Pitt
Movie 635,Comedy,Christopher Nolan,91,112902075,6.7,Angelina Jolie
Movie 636,Drama,Quentin Tarantino,104,183883013,6.1,Scarlett Johansson
Movie 637,Romance,Christopher Nolan,131,193545574,6.8,Morgan Freeman
Movie 638,Romance,Christopher Nolan,164,18687991,6.2,Jennifer Lawrence
Movie 639,Sci-Fi,Steven Spielberg,179,40509310,6.7,Angelina Jolie
Movie 640,Romance,Steven Spielberg,132,32061293,7.8,Johnny Depp
Movie 641,Comedy,Christopher Nolan,102,165490583,5.5,Brad Pitt
Movie 642,Sci-Fi,Steven Spielberg,95,129425994,7.6,Leonardo DiCaprio
Movie 643,Thriller,Quentin Tarantino,136,124368509,7.8,Morgan Freeman
Movie 644,Action,James Cameron,118,181534424,6.4,Leonardo DiCaprio
Movie 645,Horror,Christopher Nolan,132,11679043,4.4,Johnny Depp
Movie 646,Action,Christopher Nolan,121,190716026,5.9,Natalie Portman
Movie 647,Romance,Christopher Nolan,137,115161223,7.8,Brad Pitt
Movie 648,Horror,James Cameron,118,23470291,6.5,Tom Hanks
Movie 649,Romance,Quentin Tarantino,93,109773212,5.5,Tom Hanks
Movie 650,Romance,Steven Spielberg,174,106856574,6.0,Tom Hanks
Movie 651,Sci-Fi,Quentin Tarantino,84,185980789,7.3,Robert Downey Jr.
Movie 652,Action,Martin Scorsese,114,195290548,7.0,Angelina Jolie
Movie 653,Drama,Quentin Tarantino,166,78921522,6.3,Scarlett Johansson
Movie 654,Action,Steven Spielberg,172,55496748,6.1,Morgan Freeman
Movie 655,Comedy,Christopher Nolan,154,186412937,6.1,Natalie Portman
Movie 656,Thriller,Quentin Tarantino,97,40043896,5.6,Morgan Freeman
Movie 657,Thriller,Steven Spielberg,155,142674713,8.1,Natalie Portman
Movie 658,Action,James Cameron,88,158762472,6.2,Tom Hanks
Movie 659,Sci-Fi,Martin Scorsese,153,85912633,7.7,Jennifer Lawrence
Movie 660,Horror,Martin Scorsese,137,128064322,8.0,Natalie Portman
Movie 661,Thriller,Martin Scorsese,96,59865527,7.5,Jennifer Lawrence
Movie 662,Horror,James Cameron,86,162599237,6.1,Leonardo DiCaprio
Movie 663,Romance,Quentin Tarantino,125,21521013,6.9,Jennifer Lawrence
Movie 664,Horror,James Cameron,92,136732270,6.5,Natalie Portman
Movie 665,Horror,Martin Scorsese,119,124798230,5.6,Johnny Depp
Movie 666,Sci-Fi,Christopher Nolan,121,38735088,6.8,Morgan Freeman
Movie 667,Romance,Christopher Nolan,88,79427656,5.3,Angelina Jolie
Movie 668,Comedy,Quentin Tarantino,129,150353491,7.7,Robert Downey Jr.
Movie 669,Thriller,Christopher Nolan,106,108509488,6.0,Leonardo DiCaprio
Movie 670,Romance,James Cameron,145,44951994,6.7,Jennifer Lawrence
Movie 671,Sci-Fi,Steven Spielberg,84,92233769,6.8,Angelina Jolie
Movie 672,Action,Christopher Nolan,108,66489314,6.2,Jennifer Lawrence
Movie 673,Comedy,James Cameron,116,36383985,7.1,Brad Pitt
Movie 674,Romance,James Cameron,117,37595773,6.0,Jennifer Lawrence
Movie 675,Sci-Fi,Steven Spielberg,162,125106967,7.4,Tom Hanks
Movie 676,Comedy,Martin Scorsese,87,97362498,5.2,Morgan Freeman
Movie 677,Action,James Cameron,144,15315679,6.6,Angelina Jolie
Movie 678,Horror,Christopher Nolan,165,112156962,8.4,Leonardo DiCaprio
Movie 679,Action,James Cameron,96,159658533,5.5,Jennifer Lawrence
Movie 680,Horror,James Cameron,150,156982967,5.8,Johnny Depp
Movie 681,Sci-Fi,Quentin Tarantino,168,159803950,7.0,Brad Pitt
Movie 682,Romance,Quentin Tarantino,124,150744728,6.7,Angelina Jolie
Movie 683,Drama,Quentin Tarantino,83,131738504,6.9,Morgan Freeman
Movie 684,Sci-Fi,Steven Spielberg,115,86561923,7.0,Natalie Portman
Movie 685,Romance,Quentin Tarantino,149,76532173,7.1,Robert Downey Jr.
Movie 686,Thriller,James Cameron,110,125497505,7.6,Morgan Freeman
Movie 687,Sci-Fi,James Cameron,98,86607690,6.9,Natalie Portman
Movie 688,Thriller,Quentin Tarantino,140,11569320,6.3,Scarlett Johansson
Movie 689,Action,Martin Scorsese,133,70448631,7.2,Morgan Freeman
Movie 690,Sci-Fi,Martin Scorsese,118,68001666,8.4,Jennifer Lawrence
Movie 691,Drama,Christopher Nolan,170,99609786,6.4,Angelina Jolie
Movie 692,Sci-Fi,James Cameron,153,20391451,5.5,Natalie Portman
Movie 693,Sci-Fi,Christopher Nolan,169,169263196,7.6,Brad Pitt
Movie 694,Drama,Quentin Tarantino,98,60047560,6.4,Morgan Freeman
Movie 695,Comedy,Steven Spielberg,118,191596290,4.3,Angelina Jolie
Movie 696,Sci-Fi,Christopher Nolan,146,78960088,7.3,Natalie Portman
Movie 697,Sci-Fi,Steven Spielberg,124,171482401,6.0,Scarlett Johansson
Movie 698,Drama,Quentin Tarantino,92,153137897,6.4,Morgan Freeman
Movie 699,Comedy,James Cameron,171,72087566,6.8,Natalie Portman
Movie 700,Romance,Christopher Nolan,137,130888295,6.7,Tom Hanks
Movie 701,Horror,Steven Spielberg,99,106169850,7.2,Leonardo DiCaprio
Movie 702,Drama,Martin Scorsese,171,135823137,6.1,Johnny Depp
Movie 703,Horror,Quentin Tarantino,151,144680471,7.0,Brad Pitt
Movie 704,Thriller,Martin Scorsese,140,12377787,6.2,Tom Hanks
Movie 705,Thriller,Christopher Nolan,118,22827621,7.2,Jennifer Lawrence
Movie 706,Romance,Steven Spielberg,80,42892167,7.1,Tom Hanks
Movie 707,Action,Steven Spielberg,82,36280122,5.6,Johnny Depp
Movie 708,Romance,James Cameron,156,155275716,7.6,Natalie Portman
Movie 709,Romance,Martin Scorsese,171,141026769,6.0,Johnny Depp
Movie 710,Horror,Quentin Tarantino,141,80655365,7.3,Johnny Depp
Movie 711,Romance,Steven Spielberg,142,106750564,6.9,Angelina Jolie
Movie 712,Horror,Steven Spielberg,104,141373307,8.3,Robert Downey Jr.
Movie 713,Drama,Christopher Nolan,135,84665691,6.3,Tom Hanks
Movie 714,Horror,Steven Spielberg,112,59544068,6.2,Tom Hanks
Movie 715,Thriller,Martin Scorsese,117,167244944,6.5,Leonardo DiCaprio
Movie 716,Thriller,Martin Scorsese,85,34957164,6.2,Brad Pitt
Movie 717,Thriller,Steven Spielberg,137,186055455,7.3,Scarlett Johansson
Movie 718,Sci-Fi,James Cameron,123,70058877,4.9,Leonardo DiCaprio
Movie 719,Thriller,Martin Scorsese,124,129452956,5.4,Robert Downey Jr.
Movie 720,Romance,Quentin Tarantino,111,136350386,5.4,Brad Pitt
Movie 721,Drama,Martin Scorsese,124,53316857,7.5,Leonardo DiCaprio
Movie 722,Comedy,Quentin Tarantino,140,38877058,8.2,Robert Downey Jr.
Movie 723,Comedy,Quentin Tarantino,126,152651895,6.4,Scarlett Johansson
Movie 724,Horror,James Cameron,100,160394855,6.3,Tom Hanks
Movie 725,Sci-Fi,Steven Spielberg,159,189028967,6.6,Jennifer Lawrence
Movie 726,Comedy,Quentin Tarantino,164,14881178,7.7,Tom Hanks
Movie 727,Drama,Quentin Tarantino,154,74135852,5.6,Johnny Depp
Movie 728,Comedy,James Cameron,115,16590661,6.7,Natalie Portman
Movie 729,Horror,Steven Spielberg,178,92312343,7.5,Jennifer Lawrence
Movie 730,Thriller,Martin Scorsese,98,144674535,7.0,Morgan Freeman
Movie 731,Thriller,Steven Spielberg,99,164559776,6.7,Natalie Portman
Movie 732,Romance,James Cameron,136,139902074,7.5,Johnny Depp
Movie 733,Drama,Christopher Nolan,97,153042287,3.8,Johnny Depp
Movie 734,Horror,Steven Spielberg,126,90605800,7.2,Leonardo DiCaprio
Movie 735,Action,Martin Scorsese,128,93379916,5.8,Brad Pitt
Movie 736,Drama,Quentin Tarantino,93,106283946,4.7,Robert Downey Jr.
Movie 737,Sci-Fi,Quentin Tarantino,94,43827096,7.0,Scarlett Johansson
Movie 738,Comedy,Quentin Tarantino,110,187118499,7.9,Angelina Jolie
Movie 739,Thriller,James Cameron,80,50352346,6.4,Jennifer Lawrence
Movie 740,Action,James Cameron,133,12667877,7.5,Robert Downey Jr.
Movie 741,Action,Steven Spielberg,82,8393979,8.1,Tom Hanks
Movie 742,Horror,Quentin Tarantino,95,145332806,7.8,Morgan Freeman
Movie 743,Action,Martin Scorsese,166,29506244,8.1,Scarlett Johansson
Movie 744,Thriller,Martin Scorsese,136,26214698,7.2,Johnny Depp
Movie 745,Thriller,James Cameron,154,103285868,6.6,Morgan Freeman
Movie 746,Romance,James Cameron,91,121130296,4.9,Angelina Jolie
Movie 747,Romance,Christopher Nolan,153,126616114,6.3,Angelina Jolie
Movie 748,Horror,Quentin Tarantino,175,18486878,5.7,Tom Hanks
Movie 749,Comedy,Quentin Tarantino,95,58195030,8.7,Natalie Portman
Movie 750,Action,James Cameron,151,23098345,6.3,Robert Downey Jr.
Movie 751,Action,Quentin Tarantino,155,17620937,6.6,Scarlett Johansson
Movie 752,Action,Quentin Tarantino,103,32984287,7.1,Tom Hanks
Movie 753,Thriller,Steven Spielberg,107,98147242,6.5,Natalie Portman
Movie 754,Drama,Quentin Tarantino,87,177631220,8.2,Robert Downey Jr.
Movie 755,Action,James Cameron,171,145746022,5.9,Jennifer Lawrence
Movie 756,Horror,James Cameron,115,154587614,6.7,Jennifer Lawrence
Movie 757,Thriller,Christopher Nolan,169,5810833,5.8,Robert Downey Jr.
Movie 758,Sci-Fi,James Cameron,87,24480675,5.2,Angelina Jolie
Movie 759,Drama,Steven Spielberg,137,85328141,5.9,Jennifer Lawrence
Movie 760,Action,Steven Spielberg,139,29500556,6.5,Leonardo DiCaprio
Movie 761,Action,Christopher Nolan,129,33073692,6.1,Morgan Freeman
Movie 762,Sci-Fi,Quentin Tarantino,107,38316107,5.8,Brad Pitt
Movie 763,Horror,Martin Scorsese,171,28427110,5.1,Johnny Depp
Movie 764,Romance,Steven Spielberg,120,25192961,6.4,Tom Hanks
Movie 765,Comedy,Quentin Tarantino,179,160077599,5.0,Johnny Depp
Movie 766,Thriller,Steven Spielberg,143,93763660,7.3,Angelina Jolie
Movie 767,Sci-Fi,Christopher Nolan,106,60844250,6.6,Johnny Depp
Movie 768,Thriller,Quentin Tarantino,142,188630704,5.0,Scarlett Johansson
Movie 769,Action,James Cameron,96,30263888,6.2,Natalie Portman
Movie 770,Romance,Steven Spielberg,152,43106078,5.7,Tom Hanks
Movie 771,Horror,Christopher Nolan,112,8281505,6.8,Tom Hanks
Movie 772,Thriller,Christopher Nolan,163,39679227,7.8,Johnny Depp
Movie 773,Romance,Quentin Tarantino,156,39965695,4.6,Brad Pitt
Movie 774,Drama,Christopher Nolan,171,172735895,6.6,Natalie Portman
Movie 775,Action,Steven Spielberg,108,27540396,6.3,Robert Downey Jr.
Movie 776,Sci-Fi,Christopher Nolan,92,129184994,7.2,Natalie Portman
Movie 777,Romance,Christopher Nolan,125,15812143,6.7,Johnny Depp
Movie 778,Drama,Christopher Nolan,114,192042885,5.7,Natalie Portman
Movie 779,Action,Christopher Nolan,85,144206866,6.2,Angelina Jolie
Movie 780,Drama,Steven Spielberg,161,48364509,5.7,Leonardo DiCaprio
Movie 781,Drama,Martin Scorsese,148,80146438,7.6,Robert Downey Jr.
Movie 782,Drama,Martin Scorsese,126,178238601,6.5,Jennifer Lawrence
Movie 783,Horror,James Cameron,104,110487327,8.4,Johnny Depp
Movie 784,Drama,Quentin Tarantino,145,119633441,6.4,Robert Downey Jr.
Movie 785,Thriller,James Cameron,89,127152510,5.8,Natalie Portman
Movie 786,Thriller,Christopher Nolan,135,74663899,5.0,Scarlett Johansson
Movie 787,Action,Christopher Nolan,109,33735803,4.7,Johnny Depp
Movie 788,Horror,Martin Scorsese,84,16886372,4.9,Natalie Portman
Movie 789,Sci-Fi,Quentin Tarantino,112,172840476,6.8,Angelina Jolie
Movie 790,Comedy,Steven Spielberg,144,167674709,7.0,Tom Hanks
Movie 791,Drama,Steven Spielberg,97,2656671,4.9,Angelina Jolie
Movie 792,Action,Quentin Tarantino,175,90567715,7.4,Leonardo DiCaprio
Movie 793,Action,James Cameron,128,23922481,6.0,Tom Hanks
Movie 794,Sci-Fi,Quentin Tarantino,90,43081603,6.6,Brad Pitt
Movie 795,Comedy,Steven Spielberg,164,178715391,8.1,Johnny Depp
Movie 796,Sci-Fi,Christopher Nolan,105,89785936,7.4,Leonardo DiCaprio
Movie 797,Comedy,James Cameron,142,91126859,6.2,Morgan Freeman
Movie 798,Romance,James Cameron,168,21833173,5.6,Jennifer Lawrence
Movie 799,Romance,Christopher Nolan,165,91503568,4.3,Tom Hanks
Movie 800,Comedy,Martin Scorsese,138,85483977,5.8,Leonardo DiCaprio
Movie 801,Thriller,James Cameron,106,155936181,6.3,Tom Hanks
Movie 802,Action,Martin Scorsese,128,144379136,5.5,Tom Hanks
Movie 803,Sci-Fi,Steven Spielberg,156,53374647,6.4,Jennifer Lawrence
Movie 804,Sci-Fi,Martin Scorsese,112,197460538,6.6,Jennifer Lawrence
Movie 805,Drama,Steven Spielberg,177,172432145,6.3,Morgan Freeman
Movie 806,Drama,Steven Spielberg,178,155571455,5.8,Johnny Depp
Movie 807,Comedy,Steven Spielberg,80,135766876,6.7,Natalie Portman
Movie 808,Drama,Christopher Nolan,100,37328139,6.9,Jennifer Lawrence
Movie 809,Thriller,Christopher Nolan,134,97953082,5.4,Natalie Portman
Movie 810,Thriller,James Cameron,85,22845218,7.9,Jennifer Lawrence
Movie 811,Action,Christopher Nolan,171,137991667,6.4,Johnny Depp
Movie 812,Romance,Christopher Nolan,160,36490172,6.5,Natalie Portman
Movie 813,Thriller,Steven Spielberg,148,37989387,7.2,Scarlett Johansson
Movie 814,Thriller,Christopher Nolan,174,106600006,6.7,Brad Pitt
Movie 815,Action,James Cameron,84,14426716,7.5,Tom Hanks
Movie 816,Thriller,Steven Spielberg,82,96019914,6.8,Johnny Depp
Movie 817,Sci-Fi,Steven Spielberg,132,39710304,5.9,Robert Downey Jr.
Movie 818,Romance,Steven Spielberg,102,48718021,6.9,Natalie Portman
Movie 819,Drama,Quentin Tarantino,132,27996639,5.4,Brad Pitt
Movie 820,Romance,Steven Spielberg,116,88649202,6.6,Scarlett Johansson
Movie 821,Thriller,Martin Scorsese,153,11774986,6.5,Scarlett Johansson
Movie 822,Romance,Christopher Nolan,153,5421590,6.3,Brad Pitt
Movie 823,Comedy,James Cameron,162,37089369,6.4,Johnny Depp
Movie 824,Thriller,Steven Spielberg,96,146763809,4.6,Brad Pitt
Movie 825,Comedy,Quentin Tarantino,164,102475757,6.0,Angelina Jolie
Movie 826,Action,Steven Spielberg,157,134313249,6.6,Brad Pitt
Movie 827,Thriller,Christopher Nolan,152,30221379,6.7,Robert Downey Jr.
Movie 828,Drama,James Cameron,80,171482786,5.5,Scarlett Johansson
Movie 829,Romance,Quentin Tarantino,130,60644300,7.8,Jennifer Lawrence
Movie 830,Drama,James Cameron,124,180142120,5.6,Natalie Portman
Movie 831,Comedy,Martin Scorsese,156,166888038,7.5,Scarlett Johansson
Movie 832,Drama,Martin Scorsese,83,117067598,6.9,Natalie Portman
Movie 833,Thriller,James Cameron,141,193455542,5.9,Natalie Portman
Movie 834,Comedy,Christopher Nolan,144,58641756,8.3,Jennifer Lawrence
Movie 835,Romance,Steven Spielberg,111,27552476,5.3,Robert Downey Jr.
Movie 836,Comedy,Martin Scorsese,113,143891891,7.4,Scarlett Johansson
Movie 837,Comedy,Martin Scorsese,171,118884703,7.5,Brad Pitt
Movie 838,Comedy,James Cameron,174,86388417,5.8,Natalie Portman
Movie 839,Sci-Fi,Steven Spielberg,151,99023086,7.9,Morgan Freeman
Movie 840,Thriller,Steven Spielberg,118,183766675,6.2,Robert Downey Jr.
Movie 841,Thriller,Martin Scorsese,105,127749717,6.8,Angelina Jolie
Movie 842,Comedy,Quentin Tarantino,113,28209162,6.8,Johnny Depp
Movie 843,Action,Martin Scorsese,133,100898906,6.4,Robert Downey Jr.
Movie 844,Thriller,Steven Spielberg,82,58396048,7.3,Brad Pitt
Movie 845,Romance,Christopher Nolan,129,111538109,7.3,Morgan Freeman
Movie 846,Sci-Fi,Quentin Tarantino,91,112917803,4.8,Morgan Freeman
Movie 847,Comedy,Martin Scorsese,144,135442423,7.8,Morgan Freeman
Movie 848,Romance,Martin Scorsese,133,188991004,4.8,Morgan Freeman
Movie 849,Drama,Christopher Nolan,84,27267668,7.5,Tom Hanks
Movie 850,Sci-Fi,Quentin Tarantino,173,149281646,7.6,Jennifer Lawrence
Movie 851,Action,Steven Spielberg,173,193102351,5.4,Johnny Depp
Movie 852,Comedy,Quentin Tarantino,136,193672612,6.1,Brad Pitt
Movie 853,Sci-Fi,Steven Spielberg,96,59093498,5.4,Morgan Freeman
Movie 854,Action,Quentin Tarantino,126,117052051,6.3,Tom Hanks
Movie 855,Action,Steven Spielberg,102,98042181,6.2,Robert Downey Jr.
Movie 856,Sci-Fi,Quentin Tarantino,158,44353746,7.3,Tom Hanks
Movie 857,Drama,Christopher Nolan,164,105003512,7.8,Scarlett Johansson
Movie 858,Sci-Fi,Quentin Tarantino,93,21610500,7.9,Johnny Depp
Movie 859,Horror,Martin Scorsese,145,148463424,5.9,Leonardo DiCaprio
Movie 860,Action,Martin Scorsese,154,36402297,6.3,Natalie Portman
Movie 861,Comedy,James Cameron,130,83030459,4.8,Leonardo DiCaprio
Movie 862,Action,Christopher Nolan,117,159581669,5.7,Leonardo DiCaprio
Movie 863,Romance,Quentin Tarantino,143,183341134,7.5,Johnny Depp
Movie 864,Comedy,Christopher Nolan,177,110971388,8.1,Jennifer Lawrence
Movie 865,Comedy,Christopher Nolan,117,56229602,5.3,Brad Pitt
Movie 866,Horror,Steven Spielberg,129,134719871,5.9,Leonardo DiCaprio
Movie 867,Thriller,Quentin Tarantino,177,115533144,6.5,Robert Downey Jr.
Movie 868,Thriller,James Cameron,161,118785367,6.8,Brad Pitt
Movie 869,Action,Quentin Tarantino,109,2074961,5.7,Tom Hanks
Movie 870,Drama,Martin Scorsese,158,147168299,6.9,Leonardo DiCaprio
Movie 871,Thriller,Quentin Tarantino,170,154372879,6.0,Johnny Depp
Movie 872,Comedy,Martin Scorsese,130,186683482,6.5,Robert Downey Jr.
Movie 873,Drama,Quentin Tarantino,142,132827271,7.0,Brad Pitt
Movie 874,Thriller,Martin Scorsese,177,148084347,6.5,Natalie Portman
Movie 875,Action,Martin Scorsese,131,70583832,6.1,Natalie Portman
Movie 876,Comedy,Christopher Nolan,117,124113052,6.4,Leonardo DiCaprio
Movie 877,Comedy,Christopher Nolan,176,115232628,6.4,Scarlett Johansson
Movie 878,Comedy,Christopher Nolan,167,124085319,6.1,Brad Pitt
Movie 879,Action,Quentin Tarantino,158,90858638,6.2,Scarlett Johansson
Movie 880,Romance,Martin Scorsese,109,70551130,8.1,Jennifer Lawrence
Movie 881,Drama,Martin Scorsese,130,139655405,7.1,Tom Hanks
Movie 882,Sci-Fi,Steven Spielberg,160,131371121,6.2,Leonardo DiCaprio
Movie 883,Horror,Quentin Tarantino,84,48347699,7.2,Jennifer Lawrence
Movie 884,Romance,Quentin Tarantino,108,77716230,6.2,Angelina Jolie
Movie 885,Comedy,James Cameron,83,6241218,7.7,Robert Downey Jr.
Movie 886,Comedy,Christopher Nolan,89,27821567,6.9,Tom Hanks
Movie 887,Horror,Quentin Tarantino,135,190700011,6.4,Angelina Jolie
Movie 888,Romance,Steven Spielberg,96,140698868,6.9,Angelina Jolie
Movie 889,Horror,Quentin Tarantino,153,159209559,4.9,Leonardo DiCaprio
Movie 890,Action,Steven Spielberg,96,197915003,5.4,Johnny Depp
Movie 891,Action,Quentin Tarantino,163,129897401,5.3,Tom Hanks
Movie 892,Horror,Quentin Tarantino,167,106644558,6.6,Angelina Jolie
Movie 893,Action,Martin Scorsese,148,190074584,8.2,Brad Pitt
Movie 894,Romance,Quentin Tarantino,113,6290717,8.7,Johnny Depp
Movie 895,Comedy,Martin Scorsese,85,154876934,7.1,Tom Hanks
Movie 896,Action,Christopher Nolan,132,1797968,7.0,Angelina Jolie
Movie 897,Horror,Quentin Tarantino,145,193442237,4.7,Tom Hanks
Movie 898,Comedy,Quentin Tarantino,156,56940773,6.0,Johnny Depp
Movie 899,Horror,Steven Spielberg,122,164381167,5.7,Leonardo DiCaprio
Movie 900,Comedy,Martin Scorsese,154,154869243,5.9,Johnny Depp
Movie 901,Romance,Steven Spielberg,102,8339838,6.3,Leonardo DiCaprio
Movie 902,Sci-Fi,Martin Scorsese,134,114900245,6.0,Jennifer Lawrence
Movie 903,Action,Martin Scorsese,159,84629045,4.5,Scarlett Johansson
Movie 904,Romance,Quentin Tarantino,174,58661940,7.2,Leonardo DiCaprio
Movie 905,Romance,Steven Spielberg,154,82576052,5.4,Natalie Portman
Movie 906,Sci-Fi,Quentin Tarantino,95,120245185,6.7,Johnny Depp
Movie 907,Horror,Martin Scorsese,87,77107468,8.6,Johnny Depp
Movie 908,Romance,James Cameron,83,106573072,5.6,Leonardo DiCaprio
Movie 909,Romance,Martin Scorsese,83,50909831,4.0,Johnny Depp
Movie 910,Comedy,Martin Scorsese,135,117387604,6.2,Natalie Portman
Movie 911,Drama,Martin Scorsese,104,43721553,7.6,Natalie Portman
Movie 912,Comedy,Christopher Nolan,146,76134271,8.5,Tom Hanks
Movie 913,Action,Martin Scorsese,175,89240465,5.3,Angelina Jolie
Movie 914,Romance,James Cameron,146,183273389,7.0,Natalie Portman
Movie 915,Thriller,Christopher Nolan,106,160772142,6.0,Scarlett Johansson
Movie 916,Sci-Fi,Christopher Nolan,172,162149534,6.4,Natalie Portman
Movie 917,Thriller,Quentin Tarantino,111,148693733,9.1,Tom Hanks
Movie 918,Comedy,James Cameron,129,179939423,5.0,Angelina Jolie
Movie 919,Comedy,James Cameron,140,138369610,6.8,Johnny Depp
Movie 920,Comedy,James Cameron,130,33134444,7.0,Morgan Freeman
Movie 921,Thriller,James Cameron,98,31319320,7.6,Tom Hanks
Movie 922,Comedy,Quentin Tarantino,100,66062907,6.6,Natalie Portman
Movie 923,Romance,Steven Spielberg,84,129208997,6.8,Jennifer Lawrence
Movie 924,Thriller,Christopher Nolan,161,141955048,6.1,Leonardo DiCaprio
Movie 925,Horror,Martin Scorsese,171,171161543,6.8,Leonardo DiCaprio
Movie 926,Thriller,James Cameron,121,158991690,6.2,Morgan Freeman
Movie 927,Action,Quentin Tarantino,140,185713429,7.1,Natalie Portman
Movie 928,Action,Quentin Tarantino,101,183236247,6.1,Jennifer Lawrence
Movie 929,Thriller,James Cameron,100,90859624,6.9,Jennifer Lawrence
Movie 930,Comedy,Quentin Tarantino,149,174054539,6.5,Leonardo DiCaprio
Movie 931,Comedy,Steven Spielberg,80,37097069,7.6,Natalie Portman
Movie 932,Thriller,Quentin Tarantino,84,76142815,6.4,Brad Pitt
Movie 933,Horror,Martin Scorsese,91,79888398,4.7,Leonardo DiCaprio
Movie 934,Horror,Martin Scorsese,169,193656693,7.8,Robert Downey Jr.
Movie 935,Comedy,Quentin Tarantino,125,99138203,5.6,Scarlett Johansson
Movie 936,Sci-Fi,Quentin Tarantino,113,65274067,5.8,Morgan Freeman
Movie 937,Romance,Quentin Tarantino,128,144952544,5.9,Robert Downey Jr.
Movie 938,Action,James Cameron,157,111830503,7.9,Angelina Jolie
Movie 939,Sci-Fi,Steven Spielberg,169,42965471,4.4,Morgan Freeman
Movie 940,Action,Steven Spielberg,124,17052465,9.6,Jennifer Lawrence
Movie 941,Action,James Cameron,106,60963387,7.6,Morgan Freeman
Movie 942,Romance,Christopher Nolan,152,43590048,6.7,Leonardo DiCaprio
Movie 943,Romance,Steven Spielberg,105,77070913,6.4,Brad Pitt
Movie 944,Thriller,James Cameron,126,148069152,6.8,Jennifer Lawrence
Movie 945,Thriller,Steven Spielberg,165,109948256,7.0,Tom Hanks
Movie 946,Drama,Steven Spielberg,135,33356072,7.1,Scarlett Johansson
Movie 947,Drama,Quentin Tarantino,173,164753932,7.1,Robert Downey Jr.
Movie 948,Horror,Steven Spielberg,142,86936029,6.6,Leonardo DiCaprio
Movie 949,Comedy,Quentin Tarantino,127,143606240,6.3,Natalie Portman
Movie 950,Drama,Martin Scorsese,140,52599948,6.3,Tom Hanks
Movie 951,Drama,Christopher Nolan,160,70056627,6.3,Jennifer Lawrence
Movie 952,Drama,Steven Spielberg,105,195567833,7.6,Scarlett Johansson
Movie 953,Comedy,James Cameron,115,95159765,7.1,Angelina Jolie
Movie 954,Action,James Cameron,80,42208934,3.6,Morgan Freeman
Movie 955,Action,Christopher Nolan,87,34138881,7.2,Morgan Freeman
Movie 956,Sci-Fi,James Cameron,178,172654309,6.7,Angelina Jolie
Movie 957,Horror,James Cameron,131,22650278,6.5,Tom Hanks
Movie 958,Drama,Martin Scorsese,158,58376857,6.1,Johnny Depp
Movie 959,Horror,Steven Spielberg,126,9439469,7.6,Jennifer Lawrence
Movie 960,Thriller,Christopher Nolan,135,25455289,7.4,Tom Hanks
Movie 961,Action,Steven Spielberg,165,39400142,5.7,Brad Pitt
Movie 962,Sci-Fi,Christopher Nolan,93,55332385,6.9,Natalie Portman
Movie 963,Action,Christopher Nolan,169,177881769,5.5,Jennifer Lawrence
Movie 964,Sci-Fi,James Cameron,107,183461302,5.1,Brad Pitt
Movie 965,Action,Christopher Nolan,166,195929067,5.9,Leonardo DiCaprio
Movie 966,Thriller,Steven Spielberg,157,181679984,7.4,Jennifer Lawrence
Movie 967,Sci-Fi,Martin Scorsese,167,61344167,7.5,Angelina Jolie
Movie 968,Romance,Christopher Nolan,81,50092554,7.0,Tom Hanks
Movie 969,Sci-Fi,Martin Scorsese,105,82500098,7.2,Tom Hanks
Movie 970,Sci-Fi,Christopher Nolan,93,92144826,7.0,Jennifer Lawrence
Movie 971,Drama,Quentin Tarantino,138,136661445,5.9,Tom Hanks
Movie 972,Romance,Christopher Nolan,135,139627080,6.9,Robert Downey Jr.
Movie 973,Sci-Fi,Christopher Nolan,86,178366431,7.3,Johnny Depp
Movie 974,Horror,Martin Scorsese,82,93601713,7.3,Leonardo DiCaprio
Movie 975,Thriller,Steven Spielberg,102,43307399,7.7,Tom Hanks
Movie 976,Horror,Quentin Tarantino,97,115190001,7.2,Brad Pitt
Movie 977,Action,James Cameron,117,2308507,6.9,Jennifer Lawrence
Movie 978,Drama,Steven Spielberg,178,144549523,7.6,Tom Hanks
Movie 979,Sci-Fi,James Cameron,94,116750205,6.5,Robert Downey Jr.
Movie 980,Thriller,Christopher Nolan,143,10986298,5.6,Robert Downey Jr.
Movie 981,Action,Steven Spielberg,168,76655174,6.3,Brad Pitt
Movie 982,Sci-Fi,Quentin Tarantino,107,154846218,5.8,Leonardo DiCaprio
Movie 983,Drama,Steven Spielberg,153,86111891,5.8,Johnny Depp
Movie 984,Thriller,Steven Spielberg,118,151220165,6.4,Natalie Portman
Movie 985,Sci-Fi,James Cameron,136,21606265,5.7,Robert Downey Jr.
Movie 986,Drama,Martin Scorsese,96,146309717,6.2,Brad Pitt
Movie 987,Sci-Fi,Martin Scorsese,165,64644057,4.6,Jennifer Lawrence
Movie 988,Thriller,Martin Scorsese,169,187418046,6.7,Tom Hanks
Movie 989,Comedy,Christopher Nolan,123,80790594,6.5,Brad Pitt
Movie 990,Action,James Cameron,104,176037566,5.7,Natalie Portman
Movie 991,Comedy,Steven Spielberg,96,114398568,7.2,Brad Pitt
Movie 992,Horror,James Cameron,92,168501499,7.4,Johnny Depp
Movie 993,Drama,James Cameron,163,190363049,4.9,Robert Downey Jr.
Movie 994,Action,Quentin Tarantino,104,5755469,5.7,Morgan Freeman
Movie 995,Horror,Christopher Nolan,147,83162634,5.7,Johnny Depp
Movie 996,Sci-Fi,James Cameron,89,161316369,5.6,Angelina Jolie
Movie 997,Action,Martin Scorsese,146,133193291,7.3,Jennifer Lawrence
Movie 998,Horror,Martin Scorsese,97,109637707,6.3,Leonardo DiCaprio
Movie 999,Comedy,Christopher Nolan,179,149368268,6.2,Morgan Freeman
Movie 1000,Horror,Quentin Tarantino,165,180439128,4.5,Leonardo DiCaprio
